from,1,2,3,4,5,6,7,8,9,10,11,12,13,14,15,16,17,18,19,20,21,22,23,24,25,26,27,28,29,30,31,32,33,34,35,36,37,38,39,40,41,42,43,44,45,46,47,48,49,50,51,52,53,54,55,56,57,58,59,60,61,62,63,64,65,66,67,68,69,70,71,72,73,74,75,76,77,78,79,80,81,82,83,84,85,86,87,88,89,90,91,92,93,94,95,96,97,98,99,100,101,102,103,104,105,106,107,108,109,110,111,112,113,114,115,116,117,118,119,120,121,122,123,124,125,126,127,128,129,130,131,132,133,134,135,136,137,138
1,0,1,0,1,0,0,0,0,0,0,0,0,0,0,0,0,0,0,0,0,0,0,3,0,0,0,0,0,2,0,0,0,1,0,1,0,1,0,1,0,0,0,0,0,0,0,0,0,0,0,0,0,0,0,0,0,0,0,0,1,2,0,0,0,0,0,1,0,0,0,6,0,0,0,0,0,0,0,0,0,0,0,0,0,0,0,0,0,0,0,0,0,0,0,0,2,0,0,0,0,0,0,0,0,0,0,0,0,0,0,0,0,0,0,0,0,0,0,0,0,0,0,0,0,0,0,0,0,0,0,0,0,0,0,0,0,0,0
2,1,0,49,329,72,1,1,2,1,35,1,0,1,19,70,1,46,1,9,0,21,22,1056,6,40,2,1,0,627,1,3,6,329,1,432,51,256,3,591,44,1,16,13,3,0,16,19,43,14,13,2,85,12,8,4,2,0,25,51,329,702,98,21,135,0,147,613,154,73,120,2333,1,149,79,15,1,1,3,1,2,2,2,1,3,1,14,2,1,4,3,1,2,43,26,54,702,6,9,1,20,4,0,17,42,70,143,7,1,2,37,60,1,4,13,1,2,50,2,0,66,13,2,141,184,6,15,6,1,2,189,1,2,50,85,9,1,1,15
3,0,49,0,32,7,0,0,0,0,3,0,0,0,2,7,0,4,0,1,0,2,2,102,1,4,0,0,0,61,0,0,1,32,0,42,5,25,0,57,4,0,2,1,0,0,2,2,4,1,1,0,8,1,1,0,0,0,2,5,32,68,9,2,13,0,14,59,15,7,12,225,0,14,8,1,0,0,0,0,0,0,0,0,0,0,1,0,0,0,0,0,0,4,2,5,68,1,1,0,2,0,0,2,4,7,14,1,0,0,4,6,0,0,1,0,0,5,0,0,6,1,0,14,18,1,1,1,0,0,18,0,0,5,8,1,0,0,1
4,1,329,32,0,47,1,1,1,1,23,1,0,1,13,46,1,30,1,6,0,14,14,691,4,26,1,1,0,410,1,2,4,216,1,283,34,168,2,387,29,1,11,9,2,0,11,12,28,9,8,1,55,8,5,3,1,0,16,33,216,460,64,14,89,0,96,402,101,48,78,1528,1,97,52,10,1,1,2,1,1,1,1,1,2,1,9,1,1,2,2,1,1,28,17,35,460,4,6,1,13,2,0,11,27,46,94,4,1,1,24,39,1,2,8,1,1,33,1,0,43,9,1,92,121,4,10,4,1,1,124,1,1,33,56,6,1,1,10
5,0,72,7,47,0,0,0,0,0,5,0,0,0,3,10,0,7,0,1,0,3,3,151,1,6,0,0,0,90,0,0,1,47,0,62,7,37,0,84,6,0,2,2,0,0,2,3,6,2,2,0,12,2,1,1,0,0,4,7,47,100,14,3,19,0,21,88,22,10,17,333,0,21,11,2,0,0,0,0,0,0,0,0,0,0,2,0,0,1,0,0,0,6,4,8,100,1,1,0,3,1,0,2,6,10,20,1,0,0,5,9,0,1,2,0,0,7,0,0,9,2,0,20,26,1,2,1,0,0,27,0,0,7,12,1,0,0,2
6,0,1,0,1,0,0,0,0,0,0,0,0,0,0,0,0,0,0,0,0,0,0,3,0,0,0,0,0,2,0,0,0,1,0,1,0,1,0,1,0,0,0,0,0,0,0,0,0,0,0,0,0,0,0,0,0,0,0,0,1,2,0,0,0,0,0,1,0,0,0,6,0,0,0,0,0,0,0,0,0,0,0,0,0,0,0,0,0,0,0,0,0,0,0,0,2,0,0,0,0,0,0,0,0,0,0,0,0,0,0,0,0,0,0,0,0,0,0,0,0,0,0,0,0,0,0,0,0,0,0,0,0,0,0,0,0,0,0
7,0,1,0,1,0,0,0,0,0,0,0,0,0,0,0,0,0,0,0,0,0,0,3,0,0,0,0,0,2,0,0,0,1,0,1,0,1,0,1,0,0,0,0,0,0,0,0,0,0,0,0,0,0,0,0,0,0,0,0,1,2,0,0,0,0,0,1,0,0,0,6,0,0,0,0,0,0,0,0,0,0,0,0,0,0,0,0,0,0,0,0,0,0,0,0,2,0,0,0,0,0,0,0,0,0,0,0,0,0,0,0,0,0,0,0,0,0,0,0,0,0,0,0,0,0,0,0,0,0,0,0,0,0,0,0,0,0,0
8,0,2,0,1,0,0,0,0,0,0,0,0,0,0,0,0,0,0,0,0,0,0,5,0,0,0,0,0,3,0,0,0,1,0,2,0,1,0,3,0,0,0,0,0,0,0,0,0,0,0,0,0,0,0,0,0,0,0,0,1,3,0,0,1,0,1,3,1,0,1,11,0,1,0,0,0,0,0,0,0,0,0,0,0,0,0,0,0,0,0,0,0,0,0,0,3,0,0,0,0,0,0,0,0,0,1,0,0,0,0,0,0,0,0,0,0,0,0,0,0,0,0,1,1,0,0,0,0,0,1,0,0,0,0,0,0,0,0
9,0,1,0,1,0,0,0,0,0,0,0,0,0,0,0,0,0,0,0,0,0,0,3,0,0,0,0,0,2,0,0,0,1,0,1,0,1,0,1,0,0,0,0,0,0,0,0,0,0,0,0,0,0,0,0,0,0,0,0,1,2,0,0,0,0,0,1,0,0,0,6,0,0,0,0,0,0,0,0,0,0,0,0,0,0,0,0,0,0,0,0,0,0,0,0,2,0,0,0,0,0,0,0,0,0,0,0,0,0,0,0,0,0,0,0,0,0,0,0,0,0,0,0,0,0,0,0,0,0,0,0,0,0,0,0,0,0,0
10,0,35,3,23,5,0,0,0,0,0,0,0,0,1,5,0,3,0,1,0,1,2,74,0,3,0,0,0,44,0,0,0,23,0,30,4,18,0,41,3,0,1,1,0,0,1,1,3,1,1,0,6,1,1,0,0,0,2,4,23,49,7,1,9,0,10,43,11,5,8,163,0,10,6,1,0,0,0,0,0,0,0,0,0,0,1,0,0,0,0,0,0,3,2,4,49,0,1,0,1,0,0,1,3,5,10,0,0,0,3,4,0,0,1,0,0,3,0,0,5,1,0,10,13,0,1,0,0,0,13,0,0,3,6,1,0,0,1
11,0,1,0,1,0,0,0,0,0,0,0,0,0,0,0,0,0,0,0,0,0,0,3,0,0,0,0,0,2,0,0,0,1,0,1,0,1,0,1,0,0,0,0,0,0,0,0,0,0,0,0,0,0,0,0,0,0,0,0,1,2,0,0,0,0,0,1,0,0,0,6,0,0,0,0,0,0,0,0,0,0,0,0,0,0,0,0,0,0,0,0,0,0,0,0,2,0,0,0,0,0,0,0,0,0,0,0,0,0,0,0,0,0,0,0,0,0,0,0,0,0,0,0,0,0,0,0,0,0,0,0,0,0,0,0,0,0,0
12,0,0,0,0,0,0,0,0,0,0,0,0,0,0,0,0,0,0,0,0,0,0,0,0,0,0,0,0,0,0,0,0,0,0,0,0,0,0,0,0,0,0,0,0,0,0,0,0,0,0,0,0,0,0,0,0,0,0,0,0,0,0,0,0,0,0,0,0,0,0,0,0,0,0,0,0,0,0,0,0,0,0,0,0,0,0,0,0,0,0,0,0,0,0,0,0,0,0,0,0,0,0,0,0,0,0,0,0,0,0,0,0,0,0,0,0,0,0,0,0,0,0,0,0,0,0,0,0,0,0,0,0,0,0,0,0,0,0
13,0,1,0,1,0,0,0,0,0,0,0,0,0,0,0,0,0,0,0,0,0,0,3,0,0,0,0,0,2,0,0,0,1,0,1,0,1,0,1,0,0,0,0,0,0,0,0,0,0,0,0,0,0,0,0,0,0,0,0,1,2,0,0,0,0,0,1,0,0,0,6,0,0,0,0,0,0,0,0,0,0,0,0,0,0,0,0,0,0,0,0,0,0,0,0,2,0,0,0,0,0,0,0,0,0,0,0,0,0,0,0,0,0,0,0,0,0,0,0,0,0,0,0,0,0,0,0,0,0,0,0,0,0,0,0,0,0,0
14,0,19,2,13,3,0,0,0,0,1,0,0,0,0,3,0,2,0,0,0,1,1,40,0,2,0,0,0,24,0,0,0,13,0,16,2,10,0,23,2,0,1,1,0,0,1,1,2,1,0,0,3,0,0,0,0,0,1,2,13,27,4,1,5,0,6,23,6,3,5,89,0,6,3,1,0,0,0,0,0,0,0,0,0,0,1,0,0,0,0,0,0,2,1,2,27,0,0,0,1,0,0,1,2,3,5,0,0,0,1,2,0,0,0,0,0,2,0,0,2,1,0,5,7,0,1,0,0,0,7,0,0,2,3,0,0,0,1
15,0,70,7,46,10,0,0,0,0,5,0,0,0,3,0,0,6,0,1,0,3,3,146,1,6,0,0,0,87,0,0,1,46,0,60,7,35,0,82,6,0,2,2,0,0,2,3,6,2,2,0,12,2,1,1,0,0,3,7,46,97,14,3,19,0,20,85,21,10,17,323,0,21,11,2,0,0,0,0,0,0,0,0,0,0,2,0,0,1,0,0,0,6,4,7,97,1,1,0,3,1,0,2,6,10,20,1,0,0,5,8,0,1,2,0,0,7,0,0,9,2,0,20,26,1,2,1,0,0,26,0,0,7,12,1,0,0,2
16,0,1,0,1,0,0,0,0,0,0,0,0,0,0,0,0,0,0,0,0,0,0,3,0,0,0,0,0,2,0,0,0,1,0,1,0,1,0,1,0,0,0,0,0,0,0,0,0,0,0,0,0,0,0,0,0,0,0,0,1,2,0,0,0,0,0,1,0,0,0,6,0,0,0,0,0,0,0,0,0,0,0,0,0,0,0,0,0,0,0,0,0,0,0,0,2,0,0,0,0,0,0,0,0,0,0,0,0,0,0,0,0,0,0,0,0,0,0,0,0,0,0,0,0,0,0,0,0,0,0,0,0,0,0,0,0,0,0
17,0,46,4,30,7,0,0,0,0,3,0,0,0,2,6,0,0,0,1,0,2,2,97,1,4,0,0,0,57,0,0,1,30,0,40,5,23,0,54,4,0,2,1,0,0,1,2,4,1,1,0,8,1,1,0,0,0,2,5,30,64,9,2,12,0,13,56,14,7,11,213,0,14,7,1,0,0,0,0,0,0,0,0,0,0,1,0,0,0,0,0,0,4,2,5,64,1,1,0,2,0,0,2,4,6,13,1,0,0,3,5,0,0,1,0,0,5,0,0,6,1,0,13,17,1,1,1,0,0,17,0,0,5,8,1,0,0,1
18,0,1,0,1,0,0,0,0,0,0,0,0,0,0,0,0,0,0,0,0,0,0,3,0,0,0,0,0,2,0,0,0,1,0,1,0,1,0,1,0,0,0,0,0,0,0,0,0,0,0,0,0,0,0,0,0,0,0,0,1,2,0,0,0,0,0,1,0,0,0,6,0,0,0,0,0,0,0,0,0,0,0,0,0,0,0,0,0,0,0,0,0,0,0,0,2,0,0,0,0,0,0,0,0,0,0,0,0,0,0,0,0,0,0,0,0,0,0,0,0,0,0,0,0,0,0,0,0,0,0,0,0,0,0,0,0,0,0
19,0,9,1,6,1,0,0,0,0,1,0,0,0,0,1,0,1,0,0,0,0,0,18,0,1,0,0,0,11,0,0,0,6,0,8,1,4,0,10,1,0,0,0,0,0,0,0,1,0,0,0,1,0,0,0,0,0,0,1,6,12,2,0,2,0,3,11,3,1,2,41,0,3,1,0,0,0,0,0,0,0,0,0,0,0,0,0,0,0,0,0,0,1,0,1,12,0,0,0,0,0,0,0,1,1,3,0,0,0,1,1,0,0,0,0,0,1,0,0,1,0,0,2,3,0,0,0,0,0,3,0,0,1,1,0,0,0,0
20,0,0,0,0,0,0,0,0,0,0,0,0,0,0,0,0,0,0,0,0,0,0,0,0,0,0,0,0,0,0,0,0,0,0,0,0,0,0,0,0,0,0,0,0,0,0,0,0,0,0,0,0,0,0,0,0,0,0,0,0,0,0,0,0,0,0,0,0,0,0,0,0,0,0,0,0,0,0,0,0,0,0,0,0,0,0,0,0,0,0,0,0,0,0,0,0,0,0,0,0,0,0,0,0,0,0,0,0,0,0,0,0,0,0,0,0,0,0,0,0,0,0,0,0,0,0,0,0,0,0,0,0,0,0,0,0,0,0
21,0,21,2,14,3,0,0,0,0,1,0,0,0,1,3,0,2,0,0,0,0,1,45,0,2,0,0,0,27,0,0,0,14,0,18,2,11,0,25,2,0,1,1,0,0,1,1,2,1,1,0,4,0,0,0,0,0,1,2,14,30,4,1,6,0,6,26,7,3,5,99,0,6,3,1,0,0,0,0,0,0,0,0,0,0,1,0,0,0,0,0,0,2,1,2,30,0,0,0,1,0,0,1,2,3,6,0,0,0,2,3,0,0,1,0,0,2,0,0,3,1,0,6,8,0,1,0,0,0,8,0,0,2,4,0,0,0,1
22,0,22,2,14,3,0,0,0,0,2,0,0,0,1,3,0,2,0,0,0,1,0,45,0,2,0,0,0,27,0,0,0,14,0,19,2,11,0,25,2,0,1,1,0,0,1,1,2,1,1,0,4,0,0,0,0,0,1,2,14,30,4,1,6,0,6,26,7,3,5,100,0,6,3,1,0,0,0,0,0,0,0,0,0,0,1,0,0,0,0,0,0,2,1,2,30,0,0,0,1,0,0,1,2,3,6,0,0,0,2,3,0,0,1,0,0,2,0,0,3,1,0,6,8,0,1,0,0,0,8,0,0,2,4,0,0,0,1
23,3,1056,102,691,151,3,3,5,3,74,3,0,3,40,146,3,97,3,18,0,45,45,0,12,84,3,3,0,1317,3,7,12,691,3,908,107,538,7,1242,92,3,35,28,5,0,34,39,90,30,27,5,178,24,17,9,5,0,52,107,691,1475,206,44,284,0,309,1288,324,153,251,4900,3,313,167,32,3,3,7,3,5,5,5,3,6,3,30,3,3,8,7,3,5,89,54,113,1475,12,18,3,41,8,0,36,88,147,301,14,3,5,77,125,3,8,26,3,5,104,5,1,138,28,5,296,387,12,32,12,3,5,397,3,5,105,179,19,3,2,32
24,0,6,1,4,1,0,0,0,0,0,0,0,0,0,1,0,1,0,0,0,0,0,12,0,0,0,0,0,7,0,0,0,4,0,5,1,3,0,7,0,0,0,0,0,0,0,0,0,0,0,0,1,0,0,0,0,0,0,1,4,8,1,0,2,0,2,7,2,1,1,26,0,2,1,0,0,0,0,0,0,0,0,0,0,0,0,0,0,0,0,0,0,0,0,1,8,0,0,0,0,0,0,0,0,1,2,0,0,0,0,1,0,0,0,0,0,1,0,0,1,0,0,2,2,0,0,0,0,0,2,0,0,1,1,0,0,0,0
25,0,40,4,26,6,0,0,0,0,3,0,0,0,2,6,0,4,0,1,0,2,2,84,0,0,0,0,0,50,0,0,0,26,0,34,4,20,0,47,3,0,1,1,0,0,1,1,3,1,1,0,7,1,1,0,0,0,2,4,26,56,8,2,11,0,12,49,12,6,9,185,0,12,6,1,0,0,0,0,0,0,0,0,0,0,1,0,0,0,0,0,0,3,2,4,56,0,1,0,2,0,0,1,3,6,11,1,0,0,3,5,0,0,1,0,0,4,0,0,5,1,0,11,15,0,1,0,0,0,15,0,0,4,7,1,0,0,1
26,0,2,0,1,0,0,0,0,0,0,0,0,0,0,0,0,0,0,0,0,0,0,3,0,0,0,0,0,2,0,0,0,1,0,1,0,1,0,2,0,0,0,0,0,0,0,0,0,0,0,0,0,0,0,0,0,0,0,0,1,2,0,0,0,0,0,2,0,0,0,8,0,0,0,0,0,0,0,0,0,0,0,0,0,0,0,0,0,0,0,0,0,0,0,0,2,0,0,0,0,0,0,0,0,0,0,0,0,0,0,0,0,0,0,0,0,0,0,0,0,0,0,0,1,0,0,0,0,0,1,0,0,0,0,0,0,0,0
27,0,1,0,1,0,0,0,0,0,0,0,0,0,0,0,0,0,0,0,0,0,0,3,0,0,0,0,0,2,0,0,0,1,0,1,0,1,0,1,0,0,0,0,0,0,0,0,0,0,0,0,0,0,0,0,0,0,0,0,1,2,0,0,0,0,0,1,0,0,0,6,0,0,0,0,0,0,0,0,0,0,0,0,0,0,0,0,0,0,0,0,0,0,0,0,2,0,0,0,0,0,0,0,0,0,0,0,0,0,0,0,0,0,0,0,0,0,0,0,0,0,0,0,0,0,0,0,0,0,0,0,0,0,0,0,0,0,0
28,0,0,0,0,0,0,0,0,0,0,0,0,0,0,0,0,0,0,0,0,0,0,0,0,0,0,0,0,0,0,0,0,0,0,0,0,0,0,0,0,0,0,0,0,0,0,0,0,0,0,0,0,0,0,0,0,0,0,0,0,0,0,0,0,0,0,0,0,0,0,0,0,0,0,0,0,0,0,0,0,0,0,0,0,0,0,0,0,0,0,0,0,0,0,0,0,0,0,0,0,0,0,0,0,0,0,0,0,0,0,0,0,0,0,0,0,0,0,0,0,0,0,0,0,0,0,0,0,0,0,0,0,0,0,0,0,0,0
29,2,627,61,410,90,2,2,3,2,44,2,0,2,24,87,2,57,2,11,0,27,27,1317,7,50,2,2,0,0,2,4,7,410,2,539,64,319,4,737,55,2,21,17,3,0,20,23,53,18,16,3,106,14,10,5,3,0,31,63,410,876,123,26,169,0,184,765,193,91,149,2909,2,186,99,19,2,2,4,2,3,3,3,2,4,2,18,2,2,5,4,2,3,53,32,67,876,7,11,2,24,5,0,21,52,87,179,8,2,3,46,74,2,5,16,2,3,62,3,0,82,17,3,176,230,7,19,7,2,3,236,2,3,62,107,11,2,1,19
30,0,1,0,1,0,0,0,0,0,0,0,0,0,0,0,0,0,0,0,0,0,0,3,0,0,0,0,0,2,0,0,0,1,0,1,0,1,0,1,0,0,0,0,0,0,0,0,0,0,0,0,0,0,0,0,0,0,0,0,1,2,0,0,0,0,0,1,0,0,0,6,0,0,0,0,0,0,0,0,0,0,0,0,0,0,0,0,0,0,0,0,0,0,0,0,2,0,0,0,0,0,0,0,0,0,0,0,0,0,0,0,0,0,0,0,0,0,0,0,0,0,0,0,0,0,0,0,0,0,0,0,0,0,0,0,0,0,0
31,0,3,0,2,0,0,0,0,0,0,0,0,0,0,0,0,0,0,0,0,0,0,7,0,0,0,0,0,4,0,0,0,2,0,3,0,2,0,4,0,0,0,0,0,0,0,0,0,0,0,0,1,0,0,0,0,0,0,0,2,4,1,0,1,0,1,4,1,0,1,15,0,1,0,0,0,0,0,0,0,0,0,0,0,0,0,0,0,0,0,0,0,0,0,0,4,0,0,0,0,0,0,0,0,0,1,0,0,0,0,0,0,0,0,0,0,0,0,0,0,0,0,1,1,0,0,0,0,0,1,0,0,0,1,0,0,0,0
32,0,6,1,4,1,0,0,0,0,0,0,0,0,0,1,0,1,0,0,0,0,0,12,0,0,0,0,0,7,0,0,0,4,0,5,1,3,0,7,1,0,0,0,0,0,0,0,0,0,0,0,1,0,0,0,0,0,0,1,4,8,1,0,2,0,2,7,2,1,1,27,0,2,1,0,0,0,0,0,0,0,0,0,0,0,0,0,0,0,0,0,0,0,0,1,8,0,0,0,0,0,0,0,0,1,2,0,0,0,0,1,0,0,0,0,0,1,0,0,1,0,0,2,2,0,0,0,0,0,2,0,0,1,1,0,0,0,0
33,1,329,32,216,47,1,1,1,1,23,1,0,1,13,46,1,30,1,6,0,14,14,691,4,26,1,1,0,410,1,2,4,0,1,283,34,168,2,387,29,1,11,9,2,0,11,12,28,9,8,1,55,8,5,3,1,0,16,33,216,460,64,14,89,0,96,402,101,48,78,1528,1,97,52,10,1,1,2,1,1,1,1,1,2,1,9,1,1,2,2,1,1,28,17,35,460,4,6,1,13,2,0,11,27,46,94,4,1,1,24,39,1,2,8,1,1,33,1,0,43,9,1,92,121,4,10,4,1,1,124,1,1,33,56,6,1,1,10
34,0,1,0,1,0,0,0,0,0,0,0,0,0,0,0,0,0,0,0,0,0,0,3,0,0,0,0,0,2,0,0,0,1,0,1,0,1,0,1,0,0,0,0,0,0,0,0,0,0,0,0,0,0,0,0,0,0,0,0,1,2,0,0,0,0,0,1,0,0,0,6,0,0,0,0,0,0,0,0,0,0,0,0,0,0,0,0,0,0,0,0,0,0,0,0,2,0,0,0,0,0,0,0,0,0,0,0,0,0,0,0,0,0,0,0,0,0,0,0,0,0,0,0,0,0,0,0,0,0,0,0,0,0,0,0,0,0,0
35,1,432,42,283,62,1,1,2,1,30,1,0,1,16,60,1,40,1,8,0,18,19,908,5,34,1,1,0,539,1,3,5,283,1,0,44,220,3,508,38,1,14,11,2,0,14,16,37,12,11,2,73,10,7,3,2,0,21,44,283,604,85,18,116,0,127,528,133,63,103,2007,1,128,68,13,1,1,3,1,2,2,2,1,2,1,12,1,1,3,3,1,2,37,22,46,604,5,7,1,17,3,0,15,36,60,123,6,1,2,32,51,1,3,11,1,2,43,2,0,56,12,2,121,159,5,13,5,1,2,162,1,2,43,73,8,1,1,13
36,0,51,5,34,7,0,0,0,0,4,0,0,0,2,7,0,5,0,1,0,2,2,107,1,4,0,0,0,64,0,0,1,34,0,44,0,26,0,60,4,0,2,1,0,0,2,2,4,1,1,0,9,1,1,0,0,0,3,5,34,72,10,2,14,0,15,62,16,7,12,237,0,15,8,2,0,0,0,0,0,0,0,0,0,0,1,0,0,0,0,0,0,4,3,5,72,1,1,0,2,0,0,2,4,7,15,1,0,0,4,6,0,0,1,0,0,5,0,0,7,1,0,14,19,1,2,1,0,0,19,0,0,5,9,1,0,0,2
37,1,256,25,168,37,1,1,1,1,18,1,0,1,10,35,1,23,1,4,0,11,11,538,3,20,1,1,0,319,1,2,3,168,1,220,26,0,2,301,22,1,8,7,1,0,8,10,22,7,7,1,43,6,4,2,1,0,13,26,168,358,50,11,69,0,75,313,79,37,0,1189,1,76,40,8,1,1,2,1,1,1,1,1,1,1,7,1,1,2,2,1,1,22,13,27,358,3,4,1,10,2,0,9,21,36,73,3,1,1,19,30,1,2,6,1,1,25,1,0,33,7,1,72,94,3,8,3,1,1,96,1,1,26,44,5,1,1,8
38,0,3,0,2,0,0,0,0,0,0,0,0,0,0,0,0,0,0,0,0,0,0,7,0,0,0,0,0,4,0,0,0,2,0,3,0,2,0,4,0,0,0,0,0,0,0,0,0,0,0,0,1,0,0,0,0,0,0,0,2,4,1,0,1,0,1,4,1,0,1,15,0,1,0,0,0,0,0,0,0,0,0,0,0,0,0,0,0,0,0,0,0,0,0,0,4,0,0,0,0,0,0,0,0,0,1,0,0,0,0,0,0,0,0,0,0,0,0,0,0,0,0,1,1,0,0,0,0,0,1,0,0,0,1,0,0,0,0
39,1,591,57,387,84,1,1,3,1,41,1,0,1,23,82,1,54,1,10,0,25,25,1242,7,47,2,1,0,737,1,4,7,387,1,508,60,301,4,0,51,1,19,16,3,0,19,22,50,17,15,3,100,14,10,5,3,0,29,60,387,826,116,24,159,0,173,721,182,86,141,2744,1,175,93,18,1,1,4,1,3,3,3,1,3,1,17,2,1,4,4,1,3,50,30,63,826,7,10,1,23,4,0,20,49,82,169,8,1,3,43,70,1,4,15,1,3,59,3,0,77,16,3,166,217,7,18,7,1,3,222,1,3,59,100,11,1,1,18
40,0,44,4,29,6,0,0,0,0,3,0,0,0,2,6,0,4,0,1,0,2,2,92,0,3,0,0,0,55,0,0,1,29,0,38,4,22,0,51,0,0,1,1,0,0,1,2,4,1,1,0,7,1,1,0,0,0,2,4,29,61,9,2,12,0,13,53,13,6,10,203,0,13,7,1,0,0,0,0,0,0,0,0,0,0,1,0,0,0,0,0,0,4,2,5,61,1,1,0,2,0,0,1,4,6,12,1,0,0,3,5,0,0,1,0,0,4,0,0,6,1,0,12,16,1,1,1,0,0,16,0,0,4,7,1,0,0,1
41,0,1,0,1,0,0,0,0,0,0,0,0,0,0,0,0,0,0,0,0,0,0,3,0,0,0,0,0,2,0,0,0,1,0,1,0,1,0,1,0,0,0,0,0,0,0,0,0,0,0,0,0,0,0,0,0,0,0,0,1,2,0,0,0,0,0,1,0,0,0,6,0,0,0,0,0,0,0,0,0,0,0,0,0,0,0,0,0,0,0,0,0,0,0,0,2,0,0,0,0,0,0,0,0,0,0,0,0,0,0,0,0,0,0,0,0,0,0,0,0,0,0,0,0,0,0,0,0,0,0,0,0,0,0,0,0,0,0
42,0,16,2,11,2,0,0,0,0,1,0,0,0,1,2,0,2,0,0,0,1,1,35,0,1,0,0,0,21,0,0,0,11,0,14,2,8,0,19,1,0,0,0,0,0,1,1,1,0,0,0,3,0,0,0,0,0,1,2,11,23,3,1,4,0,5,20,5,2,4,76,0,5,3,1,0,0,0,0,0,0,0,0,0,0,0,0,0,0,0,0,0,1,1,2,23,0,0,0,1,0,0,1,1,2,5,0,0,0,1,2,0,0,0,0,0,2,0,0,2,0,0,5,6,0,0,0,0,0,6,0,0,2,3,0,0,0,1
43,0,13,1,9,2,0,0,0,0,1,0,0,0,1,2,0,1,0,0,0,1,1,28,0,1,0,0,0,17,0,0,0,9,0,11,1,7,0,16,1,0,0,0,0,0,0,0,1,0,0,0,2,0,0,0,0,0,1,1,9,19,3,1,4,0,4,16,4,2,3,62,0,4,2,0,0,0,0,0,0,0,0,0,0,0,0,0,0,0,0,0,0,1,1,1,19,0,0,0,1,0,0,0,1,2,4,0,0,0,1,2,0,0,0,0,0,1,0,0,2,0,0,4,5,0,0,0,0,0,5,0,0,1,2,0,0,0,0
44,0,3,0,2,0,0,0,0,0,0,0,0,0,0,0,0,0,0,0,0,0,0,5,0,0,0,0,0,3,0,0,0,2,0,2,0,1,0,3,0,0,0,0,0,0,0,0,0,0,0,0,0,0,0,0,0,0,0,0,2,4,1,0,1,0,1,3,1,0,1,12,0,1,0,0,0,0,0,0,0,0,0,0,0,0,0,0,0,0,0,0,0,0,0,0,4,0,0,0,0,0,0,0,0,0,1,0,0,0,0,0,0,0,0,0,0,0,0,0,0,0,0,1,1,0,0,0,0,0,1,0,0,0,0,0,0,0,0
45,0,0,0,0,0,0,0,0,0,0,0,0,0,0,0,0,0,0,0,0,0,0,0,0,0,0,0,0,0,0,0,0,0,0,0,0,0,0,0,0,0,0,0,0,0,0,0,0,0,0,0,0,0,0,0,0,0,0,0,0,0,0,0,0,0,0,0,0,0,0,0,0,0,0,0,0,0,0,0,0,0,0,0,0,0,0,0,0,0,0,0,0,0,0,0,0,0,0,0,0,0,0,0,0,0,0,0,0,0,0,0,0,0,0,0,0,0,0,0,0,0,0,0,0,0,0,0,0,0,0,0,0,0,0,0,0,0,0
46,0,16,2,11,2,0,0,0,0,1,0,0,0,1,2,0,1,0,0,0,1,1,34,0,1,0,0,0,20,0,0,0,11,0,14,2,8,0,19,1,0,1,0,0,0,0,1,1,0,0,0,3,0,0,0,0,0,1,2,11,23,3,1,4,0,5,20,5,2,4,75,0,5,3,0,0,0,0,0,0,0,0,0,0,0,0,0,0,0,0,0,0,1,1,2,23,0,0,0,1,0,0,1,1,2,5,0,0,0,1,2,0,0,0,0,0,2,0,0,2,0,0,5,6,0,0,0,0,0,6,0,0,2,3,0,0,0,0
47,0,19,2,12,3,0,0,0,0,1,0,0,0,1,3,0,2,0,0,0,1,1,39,0,1,0,0,0,23,0,0,0,12,0,16,2,10,0,22,2,0,1,0,0,0,1,0,2,1,0,0,3,0,0,0,0,0,1,2,12,26,4,1,5,0,6,23,6,3,4,87,0,6,3,1,0,0,0,0,0,0,0,0,0,0,1,0,0,0,0,0,0,2,1,2,26,0,0,0,1,0,0,1,2,3,5,0,0,0,1,2,0,0,0,0,0,2,0,0,2,1,0,5,7,0,1,0,0,0,7,0,0,2,3,0,0,0,1
48,0,43,4,28,6,0,0,0,0,3,0,0,0,2,6,0,4,0,1,0,2,2,90,0,3,0,0,0,53,0,0,0,28,0,37,4,22,0,50,4,0,1,1,0,0,1,2,0,1,1,0,7,1,1,0,0,0,2,4,28,60,8,2,11,0,13,52,13,6,10,198,0,13,7,1,0,0,0,0,0,0,0,0,0,0,1,0,0,0,0,0,0,4,2,5,60,0,1,0,2,0,0,1,4,6,12,1,0,0,3,5,0,0,1,0,0,4,0,0,6,1,0,12,16,0,1,0,0,0,16,0,0,4,7,1,0,0,1
49,0,14,1,9,2,0,0,0,0,1,0,0,0,1,2,0,1,0,0,0,1,1,30,0,1,0,0,0,18,0,0,0,9,0,12,1,7,0,17,1,0,0,0,0,0,0,1,1,0,0,0,2,0,0,0,0,0,1,1,9,20,3,1,4,0,4,17,4,2,3,66,0,4,2,0,0,0,0,0,0,0,0,0,0,0,0,0,0,0,0,0,0,1,1,2,20,0,0,0,1,0,0,0,1,2,4,0,0,0,1,2,0,0,0,0,0,1,0,0,2,0,0,4,5,0,0,0,0,0,5,0,0,1,2,0,0,0,0
50,0,13,1,8,2,0,0,0,0,1,0,0,0,0,2,0,1,0,0,0,1,1,27,0,1,0,0,0,16,0,0,0,8,0,11,1,7,0,15,1,0,0,0,0,0,0,0,1,0,0,0,2,0,0,0,0,0,1,1,8,18,3,1,3,0,4,16,4,2,3,60,0,4,2,0,0,0,0,0,0,0,0,0,0,0,0,0,0,0,0,0,0,1,1,1,18,0,0,0,1,0,0,0,1,2,4,0,0,0,1,2,0,0,0,0,0,1,0,0,2,0,0,4,5,0,0,0,0,0,5,0,0,1,2,0,0,0,0
51,0,2,0,1,0,0,0,0,0,0,0,0,0,0,0,0,0,0,0,0,0,0,5,0,0,0,0,0,3,0,0,0,1,0,2,0,1,0,3,0,0,0,0,0,0,0,0,0,0,0,0,0,0,0,0,0,0,0,0,1,3,0,0,1,0,1,3,1,0,1,11,0,1,0,0,0,0,0,0,0,0,0,0,0,0,0,0,0,0,0,0,0,0,0,0,3,0,0,0,0,0,0,0,0,0,1,0,0,0,0,0,0,0,0,0,0,0,0,0,0,0,0,1,1,0,0,0,0,0,1,0,0,0,0,0,0,0,0
52,0,85,8,55,12,0,0,0,0,6,0,0,0,3,12,0,8,0,1,0,4,4,178,1,7,0,0,0,106,0,1,1,55,0,73,9,43,1,100,7,0,3,2,0,0,3,3,7,2,2,0,0,2,1,1,0,0,4,9,55,118,17,3,23,0,25,103,26,12,20,393,0,25,13,3,0,0,1,0,0,0,0,0,0,0,2,0,0,1,1,0,0,7,4,9,118,1,1,0,3,1,0,3,7,12,24,1,0,0,6,10,0,1,2,0,0,8,0,0,11,2,0,24,31,1,3,1,0,0,32,0,0,8,14,2,0,0,3
53,0,12,1,8,2,0,0,0,0,1,0,0,0,0,2,0,1,0,0,0,0,0,24,0,1,0,0,0,14,0,0,0,8,0,10,1,6,0,14,1,0,0,0,0,0,0,0,1,0,0,0,2,0,0,0,0,0,1,1,8,16,2,0,3,0,3,14,4,2,3,54,0,3,2,0,0,0,0,0,0,0,0,0,0,0,0,0,0,0,0,0,0,1,1,1,16,0,0,0,0,0,0,0,1,2,3,0,0,0,1,1,0,0,0,0,0,1,0,0,2,0,0,3,4,0,0,0,0,0,4,0,0,1,2,0,0,0,0
54,0,8,1,5,1,0,0,0,0,1,0,0,0,0,1,0,1,0,0,0,0,0,17,0,1,0,0,0,10,0,0,0,5,0,7,1,4,0,10,1,0,0,0,0,0,0,0,1,0,0,0,1,0,0,0,0,0,0,1,5,11,2,0,2,0,2,10,3,1,2,38,0,2,1,0,0,0,0,0,0,0,0,0,0,0,0,0,0,0,0,0,0,1,0,1,11,0,0,0,0,0,0,0,1,1,2,0,0,0,1,1,0,0,0,0,0,1,0,0,1,0,0,2,3,0,0,0,0,0,3,0,0,1,1,0,0,0,0
55,0,4,0,3,1,0,0,0,0,0,0,0,0,0,1,0,0,0,0,0,0,0,9,0,0,0,0,0,5,0,0,0,3,0,3,0,2,0,5,0,0,0,0,0,0,0,0,0,0,0,0,1,0,0,0,0,0,0,0,3,6,1,0,1,0,1,5,1,1,1,19,0,1,1,0,0,0,0,0,0,0,0,0,0,0,0,0,0,0,0,0,0,0,0,0,6,0,0,0,0,0,0,0,0,1,1,0,0,0,0,0,0,0,0,0,0,0,0,0,1,0,0,1,1,0,0,0,0,0,2,0,0,0,1,0,0,0,0
56,0,2,0,1,0,0,0,0,0,0,0,0,0,0,0,0,0,0,0,0,0,0,5,0,0,0,0,0,3,0,0,0,1,0,2,0,1,0,3,0,0,0,0,0,0,0,0,0,0,0,0,0,0,0,0,0,0,0,0,1,3,0,0,1,0,1,3,1,0,1,11,0,1,0,0,0,0,0,0,0,0,0,0,0,0,0,0,0,0,0,0,0,0,0,0,3,0,0,0,0,0,0,0,0,0,1,0,0,0,0,0,0,0,0,0,0,0,0,0,0,0,0,1,1,0,0,0,0,0,1,0,0,0,0,0,0,0,0
57,0,0,0,0,0,0,0,0,0,0,0,0,0,0,0,0,0,0,0,0,0,0,0,0,0,0,0,0,0,0,0,0,0,0,0,0,0,0,0,0,0,0,0,0,0,0,0,0,0,0,0,0,0,0,0,0,0,0,0,0,0,0,0,0,0,0,0,0,0,0,0,0,0,0,0,0,0,0,0,0,0,0,0,0,0,0,0,0,0,0,0,0,0,0,0,0,0,0,0,0,0,0,0,0,0,0,0,0,0,0,0,0,0,0,0,0,0,0,0,0,0,0,0,0,0,0,0,0,0,0,0,0,0,0,0,0,0,0
58,0,25,2,16,4,0,0,0,0,2,0,0,0,1,3,0,2,0,0,0,1,1,52,0,2,0,0,0,31,0,0,0,16,0,21,3,13,0,29,2,0,1,1,0,0,1,1,2,1,1,0,4,1,0,0,0,0,0,3,16,35,5,1,7,0,7,31,8,4,6,116,0,7,4,1,0,0,0,0,0,0,0,0,0,0,1,0,0,0,0,0,0,2,1,3,35,0,0,0,1,0,0,1,2,3,7,0,0,0,2,3,0,0,1,0,0,2,0,0,3,1,0,7,9,0,1,0,0,0,9,0,0,2,4,0,0,0,1
59,0,51,5,33,7,0,0,0,0,4,0,0,0,2,7,0,5,0,1,0,2,2,107,1,4,0,0,0,63,0,0,1,33,0,44,5,26,0,60,4,0,2,1,0,0,2,2,4,1,1,0,9,1,1,0,0,0,3,0,33,71,10,2,14,0,15,62,16,7,12,236,0,15,8,2,0,0,0,0,0,0,0,0,0,0,1,0,0,0,0,0,0,4,3,5,71,1,1,0,2,0,0,2,4,7,15,1,0,0,4,6,0,0,1,0,0,5,0,0,7,1,0,14,19,1,2,1,0,0,19,0,0,5,9,1,0,0,2
60,1,329,32,216,47,1,1,1,1,23,1,0,1,13,46,1,30,1,6,0,14,14,691,4,26,1,1,0,410,1,2,4,216,1,283,34,168,2,387,29,1,11,9,2,0,11,12,28,9,8,1,55,8,5,3,1,0,16,33,0,460,64,14,89,0,96,402,101,48,78,1528,1,97,52,10,1,1,2,1,1,1,1,1,2,1,9,1,1,2,2,1,1,28,17,35,460,4,6,1,13,2,0,11,27,46,94,4,1,1,24,39,1,2,8,1,1,33,1,0,43,9,1,92,121,4,10,4,1,1,124,1,1,33,56,6,1,1,10
61,2,702,68,460,100,2,2,3,2,49,2,0,2,27,97,2,64,2,12,0,30,30,1475,8,56,2,2,0,876,2,4,8,460,2,604,72,358,4,826,61,2,23,19,4,0,23,26,60,20,18,3,118,16,11,6,3,0,35,71,460,0,137,29,189,0,206,857,216,102,167,3261,2,208,111,22,2,2,5,2,3,3,3,2,4,2,20,2,2,5,4,2,3,59,36,75,982,8,12,2,27,5,0,24,59,98,201,9,2,3,51,83,2,5,18,2,3,70,3,0,92,19,3,197,258,8,21,8,2,3,264,2,3,70,119,13,2,2,22
62,0,98,9,64,14,0,0,0,0,7,0,0,0,4,14,0,9,0,2,0,4,4,206,1,8,0,0,0,123,0,1,1,64,0,85,10,50,1,116,9,0,3,3,1,0,3,4,8,3,3,0,17,2,2,1,0,0,5,10,64,137,0,4,26,0,29,120,30,14,23,456,0,29,16,3,0,0,1,0,0,0,0,0,1,0,3,0,0,1,1,0,0,8,5,11,137,1,2,0,4,1,0,3,8,14,28,1,0,0,7,12,0,1,2,0,0,10,0,0,13,3,0,28,36,1,3,1,0,0,37,0,0,10,17,2,0,0,3
63,0,21,2,14,3,0,0,0,0,1,0,0,0,1,3,0,2,0,0,0,1,1,44,0,2,0,0,0,26,0,0,0,14,0,18,2,11,0,24,2,0,1,1,0,0,1,1,2,1,1,0,3,0,0,0,0,0,1,2,14,29,4,0,6,0,6,25,6,3,5,96,0,6,3,1,0,0,0,0,0,0,0,0,0,0,1,0,0,0,0,0,0,2,1,2,29,0,0,0,1,0,0,1,2,3,6,0,0,0,2,2,0,0,1,0,0,2,0,0,3,1,0,6,8,0,1,0,0,0,8,0,0,2,4,0,0,0,1
64,0,135,13,89,19,0,0,1,0,9,0,0,0,5,19,0,12,0,2,0,6,6,284,2,11,0,0,0,169,0,1,2,89,0,116,14,69,1,159,12,0,4,4,1,0,4,5,11,4,3,1,23,3,2,1,1,0,7,14,89,189,26,6,0,0,40,165,42,20,32,627,0,40,21,4,0,0,1,0,1,1,1,0,1,0,4,0,0,1,1,0,1,11,7,14,189,2,2,0,5,1,0,5,11,19,39,2,0,1,10,16,0,1,3,0,1,13,1,0,18,4,1,38,50,2,4,2,0,1,51,0,1,13,23,2,0,0,4
65,0,0,0,0,0,0,0,0,0,0,0,0,0,0,0,0,0,0,0,0,0,0,0,0,0,0,0,0,0,0,0,0,0,0,0,0,0,0,0,0,0,0,0,0,0,0,0,0,0,0,0,0,0,0,0,0,0,0,0,0,0,0,0,0,0,0,0,0,0,0,0,0,0,0,0,0,0,0,0,0,0,0,0,0,0,0,0,0,0,0,0,0,0,0,0,0,0,0,0,0,0,0,0,0,0,0,0,0,0,0,0,0,0,0,0,0,0,0,0,0,0,0,0,0,0,0,0,0,0,0,0,0,0,0,0,0,0,0
66,0,147,14,96,21,0,0,1,0,10,0,0,0,6,20,0,13,0,3,0,6,6,309,2,12,0,0,0,184,0,1,2,96,0,127,15,75,1,173,13,0,5,4,1,0,5,6,13,4,4,1,25,3,2,1,1,0,7,15,96,206,29,6,40,0,0,180,45,21,35,683,0,44,23,5,0,0,1,0,1,1,1,0,1,0,4,0,0,1,1,0,1,12,8,16,206,2,2,0,6,1,0,5,12,20,42,2,0,1,11,17,0,1,4,0,1,15,1,0,19,4,1,41,54,2,4,2,0,1,55,0,1,15,25,3,0,0,5
67,1,613,59,402,88,1,1,3,1,43,1,0,1,23,85,1,56,1,11,0,26,26,1288,7,49,2,1,0,765,1,4,7,402,1,528,62,313,4,721,53,1,20,16,3,0,20,23,52,17,16,3,103,14,10,5,3,0,31,62,402,857,120,25,165,0,180,0,189,89,146,2847,1,182,97,19,1,1,4,1,3,3,3,1,3,1,18,2,1,4,4,1,3,52,31,66,857,7,10,1,24,4,0,21,51,85,175,8,1,3,45,73,1,5,15,1,3,61,3,0,80,16,3,172,225,7,18,7,1,3,230,1,3,61,104,11,1,1,19
68,0,154,15,101,22,0,0,1,0,11,0,0,0,6,21,0,14,0,3,0,7,7,324,2,12,0,0,0,193,0,1,2,101,0,133,16,79,1,182,13,0,5,4,1,0,5,6,13,4,4,1,26,4,3,1,1,0,8,16,101,216,30,6,42,0,45,189,0,22,37,717,0,46,24,5,0,0,1,0,1,1,1,0,1,0,4,0,0,1,1,0,1,13,8,17,216,2,3,0,6,1,0,5,13,21,44,2,0,1,11,18,0,1,4,0,1,15,1,0,20,4,1,43,57,2,5,2,0,1,58,0,1,15,26,3,0,0,5
69,0,73,7,48,10,0,0,0,0,5,0,0,0,3,10,0,7,0,1,0,3,3,153,1,6,0,0,0,91,0,0,1,48,0,63,7,37,0,86,6,0,2,2,0,0,2,3,6,2,2,0,12,2,1,1,0,0,4,7,48,102,14,3,20,0,21,89,22,0,17,339,0,22,12,2,0,0,1,0,0,0,0,0,0,0,2,0,0,1,0,0,0,6,4,8,102,1,1,0,3,1,0,2,6,10,21,1,0,0,5,9,0,1,2,0,0,7,0,0,10,2,0,20,27,1,2,1,0,0,27,0,0,7,12,1,0,0,2
70,0,120,12,78,17,0,0,1,0,8,0,0,0,5,17,0,11,0,2,0,5,5,251,1,9,0,0,0,149,0,1,1,78,0,103,12,0,1,141,10,0,4,3,1,0,4,4,10,3,3,1,20,3,2,1,1,0,6,12,78,167,23,5,32,0,35,146,37,17,0,556,0,35,19,4,0,0,1,0,1,1,1,0,1,0,3,0,0,1,1,0,1,10,6,13,167,1,2,0,5,1,0,4,10,17,34,2,0,1,9,14,0,1,3,0,1,12,1,0,16,3,1,34,44,1,4,1,0,1,45,0,1,12,20,2,0,0,4
71,6,2333,225,1528,333,6,6,11,6,163,6,0,6,89,323,6,213,6,41,0,99,100,4900,26,185,8,6,0,2909,6,15,27,1528,6,2007,237,1189,15,2744,203,6,76,62,12,0,75,87,198,66,60,11,393,54,38,19,11,0,116,236,1528,3261,456,96,627,0,683,2847,717,339,556,0,6,691,368,72,6,6,16,6,11,11,11,6,13,6,67,8,6,17,15,6,11,198,119,250,3261,27,40,6,91,17,0,79,195,324,666,31,6,11,171,277,6,18,58,6,11,231,11,1,305,63,11,654,855,27,70,27,6,11,877,6,11,232,396,43,6,5,72
72,0,1,0,1,0,0,0,0,0,0,0,0,0,0,0,0,0,0,0,0,0,0,3,0,0,0,0,0,2,0,0,0,1,0,1,0,1,0,1,0,0,0,0,0,0,0,0,0,0,0,0,0,0,0,0,0,0,0,0,1,2,0,0,0,0,0,1,0,0,0,6,0,0,0,0,0,0,0,0,0,0,0,0,0,0,0,0,0,0,0,0,0,0,0,0,2,0,0,0,0,0,0,0,0,0,0,0,0,0,0,0,0,0,0,0,0,0,0,0,0,0,0,0,0,0,0,0,0,0,0,0,0,0,0,0,0,0,0
73,0,149,14,97,21,0,0,1,0,10,0,0,0,6,21,0,14,0,3,0,6,6,313,2,12,0,0,0,186,0,1,2,97,0,128,15,76,1,175,13,0,5,4,1,0,5,6,13,4,4,1,25,3,2,1,1,0,7,15,97,208,29,6,40,0,44,182,46,22,35,691,0,0,24,5,0,0,1,0,1,1,1,0,1,0,4,0,0,1,1,0,1,13,8,16,208,2,3,0,6,1,0,5,12,21,42,2,0,1,11,18,0,1,4,0,1,15,1,0,19,4,1,42,55,2,4,2,0,1,56,0,1,15,25,3,0,0,5
74,0,79,8,52,11,0,0,0,0,6,0,0,0,3,11,0,7,0,1,0,3,3,167,1,6,0,0,0,99,0,0,1,52,0,68,8,40,0,93,7,0,3,2,0,0,3,3,7,2,2,0,13,2,1,1,0,0,4,8,52,111,16,3,21,0,23,97,24,12,19,368,0,24,0,2,0,0,1,0,0,0,0,0,0,0,2,0,0,1,0,0,0,7,4,8,111,1,1,0,3,1,0,3,7,11,23,1,0,0,6,9,0,1,2,0,0,8,0,0,10,2,0,22,29,1,2,1,0,0,30,0,0,8,13,1,0,0,2
75,0,15,1,10,2,0,0,0,0,1,0,0,0,1,2,0,1,0,0,0,1,1,32,0,1,0,0,0,19,0,0,0,10,0,13,2,8,0,18,1,0,1,0,0,0,0,1,1,0,0,0,3,0,0,0,0,0,1,2,10,22,3,1,4,0,5,19,5,2,4,72,0,5,2,0,0,0,0,0,0,0,0,0,0,0,0,0,0,0,0,0,0,1,1,2,22,0,0,0,1,0,0,1,1,2,4,0,0,0,1,2,0,0,0,0,0,2,0,0,2,0,0,4,6,0,0,0,0,0,6,0,0,2,3,0,0,0,0
76,0,1,0,1,0,0,0,0,0,0,0,0,0,0,0,0,0,0,0,0,0,0,3,0,0,0,0,0,2,0,0,0,1,0,1,0,1,0,1,0,0,0,0,0,0,0,0,0,0,0,0,0,0,0,0,0,0,0,0,1,2,0,0,0,0,0,1,0,0,0,6,0,0,0,0,0,0,0,0,0,0,0,0,0,0,0,0,0,0,0,0,0,0,0,0,2,0,0,0,0,0,0,0,0,0,0,0,0,0,0,0,0,0,0,0,0,0,0,0,0,0,0,0,0,0,0,0,0,0,0,0,0,0,0,0,0,0,0
77,0,1,0,1,0,0,0,0,0,0,0,0,0,0,0,0,0,0,0,0,0,0,3,0,0,0,0,0,2,0,0,0,1,0,1,0,1,0,1,0,0,0,0,0,0,0,0,0,0,0,0,0,0,0,0,0,0,0,0,1,2,0,0,0,0,0,1,0,0,0,6,0,0,0,0,0,0,0,0,0,0,0,0,0,0,0,0,0,0,0,0,0,0,0,0,2,0,0,0,0,0,0,0,0,0,0,0,0,0,0,0,0,0,0,0,0,0,0,0,0,0,0,0,0,0,0,0,0,0,0,0,0,0,0,0,0,0,0
78,0,3,0,2,0,0,0,0,0,0,0,0,0,0,0,0,0,0,0,0,0,0,7,0,0,0,0,0,4,0,0,0,2,0,3,0,2,0,4,0,0,0,0,0,0,0,0,0,0,0,0,1,0,0,0,0,0,0,0,2,5,1,0,1,0,1,4,1,1,1,16,0,1,1,0,0,0,0,0,0,0,0,0,0,0,0,0,0,0,0,0,0,0,0,0,5,0,0,0,0,0,0,0,0,0,1,0,0,0,0,0,0,0,0,0,0,0,0,0,0,0,0,1,1,0,0,0,0,0,1,0,0,0,1,0,0,0,0
79,0,1,0,1,0,0,0,0,0,0,0,0,0,0,0,0,0,0,0,0,0,0,3,0,0,0,0,0,2,0,0,0,1,0,1,0,1,0,1,0,0,0,0,0,0,0,0,0,0,0,0,0,0,0,0,0,0,0,0,1,2,0,0,0,0,0,1,0,0,0,6,0,0,0,0,0,0,0,0,0,0,0,0,0,0,0,0,0,0,0,0,0,0,0,0,2,0,0,0,0,0,0,0,0,0,0,0,0,0,0,0,0,0,0,0,0,0,0,0,0,0,0,0,0,0,0,0,0,0,0,0,0,0,0,0,0,0,0
80,0,2,0,1,0,0,0,0,0,0,0,0,0,0,0,0,0,0,0,0,0,0,5,0,0,0,0,0,3,0,0,0,1,0,2,0,1,0,3,0,0,0,0,0,0,0,0,0,0,0,0,0,0,0,0,0,0,0,0,1,3,0,0,1,0,1,3,1,0,1,11,0,1,0,0,0,0,0,0,0,0,0,0,0,0,0,0,0,0,0,0,0,0,0,0,3,0,0,0,0,0,0,0,0,0,1,0,0,0,0,0,0,0,0,0,0,0,0,0,0,0,0,1,1,0,0,0,0,0,1,0,0,0,0,0,0,0,0
81,0,2,0,1,0,0,0,0,0,0,0,0,0,0,0,0,0,0,0,0,0,0,5,0,0,0,0,0,3,0,0,0,1,0,2,0,1,0,3,0,0,0,0,0,0,0,0,0,0,0,0,0,0,0,0,0,0,0,0,1,3,0,0,1,0,1,3,1,0,1,11,0,1,0,0,0,0,0,0,0,0,0,0,0,0,0,0,0,0,0,0,0,0,0,0,3,0,0,0,0,0,0,0,0,0,1,0,0,0,0,0,0,0,0,0,0,0,0,0,0,0,0,1,1,0,0,0,0,0,1,0,0,0,0,0,0,0,0
82,0,2,0,1,0,0,0,0,0,0,0,0,0,0,0,0,0,0,0,0,0,0,5,0,0,0,0,0,3,0,0,0,1,0,2,0,1,0,3,0,0,0,0,0,0,0,0,0,0,0,0,0,0,0,0,0,0,0,0,1,3,0,0,1,0,1,3,1,0,1,11,0,1,0,0,0,0,0,0,0,0,0,0,0,0,0,0,0,0,0,0,0,0,0,0,3,0,0,0,0,0,0,0,0,0,1,0,0,0,0,0,0,0,0,0,0,0,0,0,0,0,0,1,1,0,0,0,0,0,1,0,0,0,0,0,0,0,0
83,0,1,0,1,0,0,0,0,0,0,0,0,0,0,0,0,0,0,0,0,0,0,3,0,0,0,0,0,2,0,0,0,1,0,1,0,1,0,1,0,0,0,0,0,0,0,0,0,0,0,0,0,0,0,0,0,0,0,0,1,2,0,0,0,0,0,1,0,0,0,6,0,0,0,0,0,0,0,0,0,0,0,0,0,0,0,0,0,0,0,0,0,0,0,0,2,0,0,0,0,0,0,0,0,0,0,0,0,0,0,0,0,0,0,0,0,0,0,0,0,0,0,0,0,0,0,0,0,0,0,0,0,0,0,0,0,0,0
84,0,3,0,2,0,0,0,0,0,0,0,0,0,0,0,0,0,0,0,0,0,0,6,0,0,0,0,0,4,0,0,0,2,0,2,0,1,0,3,0,0,0,0,0,0,0,0,0,0,0,0,0,0,0,0,0,0,0,0,2,4,1,0,1,0,1,3,1,0,1,13,0,1,0,0,0,0,0,0,0,0,0,0,0,0,0,0,0,0,0,0,0,0,0,0,4,0,0,0,0,0,0,0,0,0,1,0,0,0,0,0,0,0,0,0,0,0,0,0,0,0,0,1,1,0,0,0,0,0,1,0,0,0,0,0,0,0,0
85,0,1,0,1,0,0,0,0,0,0,0,0,0,0,0,0,0,0,0,0,0,0,3,0,0,0,0,0,2,0,0,0,1,0,1,0,1,0,1,0,0,0,0,0,0,0,0,0,0,0,0,0,0,0,0,0,0,0,0,1,2,0,0,0,0,0,1,0,0,0,6,0,0,0,0,0,0,0,0,0,0,0,0,0,0,0,0,0,0,0,0,0,0,0,0,2,0,0,0,0,0,0,0,0,0,0,0,0,0,0,0,0,0,0,0,0,0,0,0,0,0,0,0,0,0,0,0,0,0,0,0,0,0,0,0,0,0,0
86,0,14,1,9,2,0,0,0,0,1,0,0,0,1,2,0,1,0,0,0,1,1,30,0,1,0,0,0,18,0,0,0,9,0,12,1,7,0,17,1,0,0,0,0,0,0,1,1,0,0,0,2,0,0,0,0,0,1,1,9,20,3,1,4,0,4,18,4,2,3,67,0,4,2,0,0,0,0,0,0,0,0,0,0,0,0,0,0,0,0,0,0,1,1,2,20,0,0,0,1,0,0,0,1,2,4,0,0,0,1,2,0,0,0,0,0,1,0,0,2,0,0,4,5,0,0,0,0,0,5,0,0,1,2,0,0,0,0
87,0,2,0,1,0,0,0,0,0,0,0,0,0,0,0,0,0,0,0,0,0,0,3,0,0,0,0,0,2,0,0,0,1,0,1,0,1,0,2,0,0,0,0,0,0,0,0,0,0,0,0,0,0,0,0,0,0,0,0,1,2,0,0,0,0,0,2,0,0,0,8,0,0,0,0,0,0,0,0,0,0,0,0,0,0,0,0,0,0,0,0,0,0,0,0,2,0,0,0,0,0,0,0,0,0,0,0,0,0,0,0,0,0,0,0,0,0,0,0,0,0,0,0,1,0,0,0,0,0,1,0,0,0,0,0,0,0,0
88,0,1,0,1,0,0,0,0,0,0,0,0,0,0,0,0,0,0,0,0,0,0,3,0,0,0,0,0,2,0,0,0,1,0,1,0,1,0,1,0,0,0,0,0,0,0,0,0,0,0,0,0,0,0,0,0,0,0,0,1,2,0,0,0,0,0,1,0,0,0,6,0,0,0,0,0,0,0,0,0,0,0,0,0,0,0,0,0,0,0,0,0,0,0,0,2,0,0,0,0,0,0,0,0,0,0,0,0,0,0,0,0,0,0,0,0,0,0,0,0,0,0,0,0,0,0,0,0,0,0,0,0,0,0,0,0,0,0
89,0,4,0,2,1,0,0,0,0,0,0,0,0,0,1,0,0,0,0,0,0,0,8,0,0,0,0,0,5,0,0,0,2,0,3,0,2,0,4,0,0,0,0,0,0,0,0,0,0,0,0,1,0,0,0,0,0,0,0,2,5,1,0,1,0,1,4,1,1,1,17,0,1,1,0,0,0,0,0,0,0,0,0,0,0,0,0,0,0,0,0,0,0,0,0,5,0,0,0,0,0,0,0,0,1,1,0,0,0,0,0,0,0,0,0,0,0,0,0,0,0,0,1,1,0,0,0,0,0,1,0,0,0,1,0,0,0,0
90,0,3,0,2,0,0,0,0,0,0,0,0,0,0,0,0,0,0,0,0,0,0,7,0,0,0,0,0,4,0,0,0,2,0,3,0,2,0,4,0,0,0,0,0,0,0,0,0,0,0,0,1,0,0,0,0,0,0,0,2,4,1,0,1,0,1,4,1,0,1,15,0,1,0,0,0,0,0,0,0,0,0,0,0,0,0,0,0,0,0,0,0,0,0,0,4,0,0,0,0,0,0,0,0,0,1,0,0,0,0,0,0,0,0,0,0,0,0,0,0,0,0,1,1,0,0,0,0,0,1,0,0,0,1,0,0,0,0
91,0,1,0,1,0,0,0,0,0,0,0,0,0,0,0,0,0,0,0,0,0,0,3,0,0,0,0,0,2,0,0,0,1,0,1,0,1,0,1,0,0,0,0,0,0,0,0,0,0,0,0,0,0,0,0,0,0,0,0,1,2,0,0,0,0,0,1,0,0,0,6,0,0,0,0,0,0,0,0,0,0,0,0,0,0,0,0,0,0,0,0,0,0,0,0,2,0,0,0,0,0,0,0,0,0,0,0,0,0,0,0,0,0,0,0,0,0,0,0,0,0,0,0,0,0,0,0,0,0,0,0,0,0,0,0,0,0,0
92,0,2,0,1,0,0,0,0,0,0,0,0,0,0,0,0,0,0,0,0,0,0,5,0,0,0,0,0,3,0,0,0,1,0,2,0,1,0,3,0,0,0,0,0,0,0,0,0,0,0,0,0,0,0,0,0,0,0,0,1,3,0,0,1,0,1,3,1,0,1,11,0,1,0,0,0,0,0,0,0,0,0,0,0,0,0,0,0,0,0,0,0,0,0,0,3,0,0,0,0,0,0,0,0,0,1,0,0,0,0,0,0,0,0,0,0,0,0,0,0,0,0,1,1,0,0,0,0,0,1,0,0,0,0,0,0,0,0
93,0,43,4,28,6,0,0,0,0,3,0,0,0,2,6,0,4,0,1,0,2,2,89,0,3,0,0,0,53,0,0,0,28,0,37,4,22,0,50,4,0,1,1,0,0,1,2,4,1,1,0,7,1,1,0,0,0,2,4,28,59,8,2,11,0,12,52,13,6,10,198,0,13,7,1,0,0,0,0,0,0,0,0,0,0,1,0,0,0,0,0,0,0,2,5,59,0,1,0,2,0,0,1,4,6,12,1,0,0,3,5,0,0,1,0,0,4,0,0,6,1,0,12,16,0,1,0,0,0,16,0,0,4,7,1,0,0,1
94,0,26,2,17,4,0,0,0,0,2,0,0,0,1,4,0,2,0,0,0,1,1,54,0,2,0,0,0,32,0,0,0,17,0,22,3,13,0,30,2,0,1,1,0,0,1,1,2,1,1,0,4,1,0,0,0,0,1,3,17,36,5,1,7,0,8,31,8,4,6,119,0,8,4,1,0,0,0,0,0,0,0,0,0,0,1,0,0,0,0,0,0,2,0,3,36,0,0,0,1,0,0,1,2,4,7,0,0,0,2,3,0,0,1,0,0,3,0,0,3,1,0,7,9,0,1,0,0,0,10,0,0,3,4,0,0,0,1
95,0,54,5,35,8,0,0,0,0,4,0,0,0,2,7,0,5,0,1,0,2,2,113,1,4,0,0,0,67,0,0,1,35,0,46,5,27,0,63,5,0,2,1,0,0,2,2,5,2,1,0,9,1,1,0,0,0,3,5,35,75,11,2,14,0,16,66,17,8,13,250,0,16,8,2,0,0,0,0,0,0,0,0,0,0,2,0,0,0,0,0,0,5,3,0,75,1,1,0,2,0,0,2,4,7,15,1,0,0,4,6,0,0,1,0,0,5,0,0,7,1,0,15,20,1,2,1,0,0,20,0,0,5,9,1,0,0,2
96,2,702,68,460,100,2,2,3,2,49,2,0,2,27,97,2,64,2,12,0,30,30,1475,8,56,2,2,0,876,2,4,8,460,2,604,72,358,4,826,61,2,23,19,4,0,23,26,60,20,18,3,118,16,11,6,3,0,35,71,460,982,137,29,189,0,206,857,216,102,167,3261,2,208,111,22,2,2,5,2,3,3,3,2,4,2,20,2,2,5,4,2,3,59,36,75,0,8,12,2,27,5,0,24,59,98,201,9,2,3,51,83,2,5,18,2,3,70,3,0,92,19,3,197,258,8,21,8,2,3,264,2,3,70,119,13,2,2,22
97,0,6,1,4,1,0,0,0,0,0,0,0,0,0,1,0,1,0,0,0,0,0,12,0,0,0,0,0,7,0,0,0,4,0,5,1,3,0,7,1,0,0,0,0,0,0,0,0,0,0,0,1,0,0,0,0,0,0,1,4,8,1,0,2,0,2,7,2,1,1,27,0,2,1,0,0,0,0,0,0,0,0,0,0,0,0,0,0,0,0,0,0,0,0,1,8,0,0,0,0,0,0,0,0,1,2,0,0,0,0,1,0,0,0,0,0,1,0,0,1,0,0,2,2,0,0,0,0,0,2,0,0,1,1,0,0,0,0
98,0,9,1,6,1,0,0,0,0,1,0,0,0,0,1,0,1,0,0,0,0,0,18,0,1,0,0,0,11,0,0,0,6,0,7,1,4,0,10,1,0,0,0,0,0,0,0,1,0,0,0,1,0,0,0,0,0,0,1,6,12,2,0,2,0,2,10,3,1,2,40,0,3,1,0,0,0,0,0,0,0,0,0,0,0,0,0,0,0,0,0,0,1,0,1,12,0,0,0,0,0,0,0,1,1,2,0,0,0,1,1,0,0,0,0,0,1,0,0,1,0,0,2,3,0,0,0,0,0,3,0,0,1,1,0,0,0,0
99,0,1,0,1,0,0,0,0,0,0,0,0,0,0,0,0,0,0,0,0,0,0,3,0,0,0,0,0,2,0,0,0,1,0,1,0,1,0,1,0,0,0,0,0,0,0,0,0,0,0,0,0,0,0,0,0,0,0,0,1,2,0,0,0,0,0,1,0,0,0,6,0,0,0,0,0,0,0,0,0,0,0,0,0,0,0,0,0,0,0,0,0,0,0,0,2,0,0,0,0,0,0,0,0,0,0,0,0,0,0,0,0,0,0,0,0,0,0,0,0,0,0,0,0,0,0,0,0,0,0,0,0,0,0,0,0,0,0
100,0,20,2,13,3,0,0,0,0,1,0,0,0,1,3,0,2,0,0,0,1,1,41,0,2,0,0,0,24,0,0,0,13,0,17,2,10,0,23,2,0,1,1,0,0,1,1,2,1,1,0,3,0,0,0,0,0,1,2,13,27,4,1,5,0,6,24,6,3,5,91,0,6,3,1,0,0,0,0,0,0,0,0,0,0,1,0,0,0,0,0,0,2,1,2,27,0,0,0,0,0,0,1,2,3,6,0,0,0,1,2,0,0,0,0,0,2,0,0,3,1,0,5,7,0,1,0,0,0,7,0,0,2,3,0,0,0,1
101,0,4,0,2,1,0,0,0,0,0,0,0,0,0,1,0,0,0,0,0,0,0,8,0,0,0,0,0,5,0,0,0,2,0,3,0,2,0,4,0,0,0,0,0,0,0,0,0,0,0,0,1,0,0,0,0,0,0,0,2,5,1,0,1,0,1,4,1,1,1,17,0,1,1,0,0,0,0,0,0,0,0,0,0,0,0,0,0,0,0,0,0,0,0,0,5,0,0,0,0,0,0,0,0,1,1,0,0,0,0,0,0,0,0,0,0,0,0,0,0,0,0,1,1,0,0,0,0,0,1,0,0,0,1,0,0,0,0
102,0,0,0,0,0,0,0,0,0,0,0,0,0,0,0,0,0,0,0,0,0,0,0,0,0,0,0,0,0,0,0,0,0,0,0,0,0,0,0,0,0,0,0,0,0,0,0,0,0,0,0,0,0,0,0,0,0,0,0,0,0,0,0,0,0,0,0,0,0,0,0,0,0,0,0,0,0,0,0,0,0,0,0,0,0,0,0,0,0,0,0,0,0,0,0,0,0,0,0,0,0,0,0,0,0,0,0,0,0,0,0,0,0,0,0,0,0,0,0,0,0,0,0,0,0,0,0,0,0,0,0,0,0,0,0,0,0,0
103,0,17,2,11,2,0,0,0,0,1,0,0,0,1,2,0,2,0,0,0,1,1,36,0,1,0,0,0,21,0,0,0,11,0,15,2,9,0,20,1,0,1,0,0,0,1,1,1,0,0,0,3,0,0,0,0,0,1,2,11,24,3,1,5,0,5,21,5,2,4,79,0,5,3,1,0,0,0,0,0,0,0,0,0,0,0,0,0,0,0,0,0,1,1,2,24,0,0,0,1,0,0,0,1,2,5,0,0,0,1,2,0,0,0,0,0,2,0,0,2,0,0,5,6,0,1,0,0,0,6,0,0,2,3,0,0,0,1
104,0,42,4,27,6,0,0,0,0,3,0,0,0,2,6,0,4,0,1,0,2,2,88,0,3,0,0,0,52,0,0,0,27,0,36,4,21,0,49,4,0,1,1,0,0,1,2,4,1,1,0,7,1,1,0,0,0,2,4,27,59,8,2,11,0,12,51,13,6,10,195,0,12,7,1,0,0,0,0,0,0,0,0,0,0,1,0,0,0,0,0,0,4,2,4,59,0,1,0,2,0,0,1,0,6,12,1,0,0,3,5,0,0,1,0,0,4,0,0,5,1,0,12,15,0,1,0,0,0,16,0,0,4,7,1,0,0,1
105,0,70,7,46,10,0,0,0,0,5,0,0,0,3,10,0,6,0,1,0,3,3,147,1,6,0,0,0,87,0,0,1,46,0,60,7,36,0,82,6,0,2,2,0,0,2,3,6,2,2,0,12,2,1,1,0,0,3,7,46,98,14,3,19,0,20,85,21,10,17,324,0,21,11,2,0,0,0,0,0,0,0,0,0,0,2,0,0,1,0,0,0,6,4,7,98,1,1,0,3,1,0,2,6,0,20,1,0,0,5,8,0,1,2,0,0,7,0,0,9,2,0,20,26,1,2,1,0,0,26,0,0,7,12,1,0,0,2
106,0,143,14,94,20,0,0,1,0,10,0,0,0,5,20,0,13,0,3,0,6,6,301,2,11,0,0,0,179,0,1,2,94,0,123,15,73,1,169,12,0,5,4,1,0,5,5,12,4,4,1,24,3,2,1,1,0,7,15,94,201,28,6,39,0,42,175,44,21,34,666,0,42,23,4,0,0,1,0,1,1,1,0,1,0,4,0,0,1,1,0,1,12,7,15,201,2,2,0,6,1,0,5,12,20,0,2,0,1,11,17,0,1,4,0,1,14,1,0,19,4,1,40,53,2,4,2,0,1,54,0,1,14,24,3,0,0,4
107,0,7,1,4,1,0,0,0,0,0,0,0,0,0,1,0,1,0,0,0,0,0,14,0,1,0,0,0,8,0,0,0,4,0,6,1,3,0,8,1,0,0,0,0,0,0,0,1,0,0,0,1,0,0,0,0,0,0,1,4,9,1,0,2,0,2,8,2,1,2,31,0,2,1,0,0,0,0,0,0,0,0,0,0,0,0,0,0,0,0,0,0,1,0,1,9,0,0,0,0,0,0,0,1,1,2,0,0,0,0,1,0,0,0,0,0,1,0,0,1,0,0,2,2,0,0,0,0,0,2,0,0,1,1,0,0,0,0
108,0,1,0,1,0,0,0,0,0,0,0,0,0,0,0,0,0,0,0,0,0,0,3,0,0,0,0,0,2,0,0,0,1,0,1,0,1,0,1,0,0,0,0,0,0,0,0,0,0,0,0,0,0,0,0,0,0,0,0,1,2,0,0,0,0,0,1,0,0,0,6,0,0,0,0,0,0,0,0,0,0,0,0,0,0,0,0,0,0,0,0,0,0,0,0,2,0,0,0,0,0,0,0,0,0,0,0,0,0,0,0,0,0,0,0,0,0,0,0,0,0,0,0,0,0,0,0,0,0,0,0,0,0,0,0,0,0,0
109,0,2,0,1,0,0,0,0,0,0,0,0,0,0,0,0,0,0,0,0,0,0,5,0,0,0,0,0,3,0,0,0,1,0,2,0,1,0,3,0,0,0,0,0,0,0,0,0,0,0,0,0,0,0,0,0,0,0,0,1,3,0,0,1,0,1,3,1,0,1,11,0,1,0,0,0,0,0,0,0,0,0,0,0,0,0,0,0,0,0,0,0,0,0,0,3,0,0,0,0,0,0,0,0,0,1,0,0,0,0,0,0,0,0,0,0,0,0,0,0,0,0,1,1,0,0,0,0,0,1,0,0,0,0,0,0,0,0
110,0,37,4,24,5,0,0,0,0,3,0,0,0,1,5,0,3,0,1,0,2,2,77,0,3,0,0,0,46,0,0,0,24,0,32,4,19,0,43,3,0,1,1,0,0,1,1,3,1,1,0,6,1,1,0,0,0,2,4,24,51,7,2,10,0,11,45,11,5,9,171,0,11,6,1,0,0,0,0,0,0,0,0,0,0,1,0,0,0,0,0,0,3,2,4,51,0,1,0,1,0,0,1,3,5,11,0,0,0,0,4,0,0,1,0,0,4,0,0,5,1,0,10,13,0,1,0,0,0,14,0,0,4,6,1,0,0,1
111,0,60,6,39,9,0,0,0,0,4,0,0,0,2,8,0,5,0,1,0,3,3,125,1,5,0,0,0,74,0,0,1,39,0,51,6,30,0,70,5,0,2,2,0,0,2,2,5,2,2,0,10,1,1,0,0,0,3,6,39,83,12,2,16,0,17,73,18,9,14,277,0,18,9,2,0,0,0,0,0,0,0,0,0,0,2,0,0,0,0,0,0,5,3,6,83,1,1,0,2,0,0,2,5,8,17,1,0,0,4,0,0,0,1,0,0,6,0,0,8,2,0,17,22,1,2,1,0,0,22,0,0,6,10,1,0,0,2
112,0,1,0,1,0,0,0,0,0,0,0,0,0,0,0,0,0,0,0,0,0,0,3,0,0,0,0,0,2,0,0,0,1,0,1,0,1,0,1,0,0,0,0,0,0,0,0,0,0,0,0,0,0,0,0,0,0,0,0,1,2,0,0,0,0,0,1,0,0,0,6,0,0,0,0,0,0,0,0,0,0,0,0,0,0,0,0,0,0,0,0,0,0,0,0,2,0,0,0,0,0,0,0,0,0,0,0,0,0,0,0,0,0,0,0,0,0,0,0,0,0,0,0,0,0,0,0,0,0,0,0,0,0,0,0,0,0,0
113,0,4,0,2,1,0,0,0,0,0,0,0,0,0,1,0,0,0,0,0,0,0,8,0,0,0,0,0,5,0,0,0,2,0,3,0,2,0,4,0,0,0,0,0,0,0,0,0,0,0,0,1,0,0,0,0,0,0,0,2,5,1,0,1,0,1,5,1,1,1,18,0,1,1,0,0,0,0,0,0,0,0,0,0,0,0,0,0,0,0,0,0,0,0,0,5,0,0,0,0,0,0,0,0,1,1,0,0,0,0,0,0,0,0,0,0,0,0,0,0,0,0,1,1,0,0,0,0,0,1,0,0,0,1,0,0,0,0
114,0,13,1,8,2,0,0,0,0,1,0,0,0,0,2,0,1,0,0,0,1,1,26,0,1,0,0,0,16,0,0,0,8,0,11,1,6,0,15,1,0,0,0,0,0,0,0,1,0,0,0,2,0,0,0,0,0,1,1,8,18,2,1,3,0,4,15,4,2,3,58,0,4,2,0,0,0,0,0,0,0,0,0,0,0,0,0,0,0,0,0,0,1,1,1,18,0,0,0,0,0,0,0,1,2,4,0,0,0,1,1,0,0,0,0,0,1,0,0,2,0,0,4,5,0,0,0,0,0,5,0,0,1,2,0,0,0,0
115,0,1,0,1,0,0,0,0,0,0,0,0,0,0,0,0,0,0,0,0,0,0,3,0,0,0,0,0,2,0,0,0,1,0,1,0,1,0,1,0,0,0,0,0,0,0,0,0,0,0,0,0,0,0,0,0,0,0,0,1,2,0,0,0,0,0,1,0,0,0,6,0,0,0,0,0,0,0,0,0,0,0,0,0,0,0,0,0,0,0,0,0,0,0,0,2,0,0,0,0,0,0,0,0,0,0,0,0,0,0,0,0,0,0,0,0,0,0,0,0,0,0,0,0,0,0,0,0,0,0,0,0,0,0,0,0,0,0
116,0,2,0,1,0,0,0,0,0,0,0,0,0,0,0,0,0,0,0,0,0,0,5,0,0,0,0,0,3,0,0,0,1,0,2,0,1,0,3,0,0,0,0,0,0,0,0,0,0,0,0,0,0,0,0,0,0,0,0,1,3,0,0,1,0,1,3,1,0,1,11,0,1,0,0,0,0,0,0,0,0,0,0,0,0,0,0,0,0,0,0,0,0,0,0,3,0,0,0,0,0,0,0,0,0,1,0,0,0,0,0,0,0,0,0,0,0,0,0,0,0,0,1,1,0,0,0,0,0,1,0,0,0,0,0,0,0,0
117,0,50,5,33,7,0,0,0,0,3,0,0,0,2,7,0,5,0,1,0,2,2,104,1,4,0,0,0,62,0,0,1,33,0,43,5,25,0,59,4,0,2,1,0,0,2,2,4,1,1,0,8,1,1,0,0,0,2,5,33,70,10,2,13,0,15,61,15,7,12,231,0,15,8,2,0,0,0,0,0,0,0,0,0,0,1,0,0,0,0,0,0,4,3,5,70,1,1,0,2,0,0,2,4,7,14,1,0,0,4,6,0,0,1,0,0,0,0,0,6,1,0,14,18,1,1,1,0,0,19,0,0,5,8,1,0,0,2
118,0,2,0,1,0,0,0,0,0,0,0,0,0,0,0,0,0,0,0,0,0,0,5,0,0,0,0,0,3,0,0,0,1,0,2,0,1,0,3,0,0,0,0,0,0,0,0,0,0,0,0,0,0,0,0,0,0,0,0,1,3,0,0,1,0,1,3,1,0,1,11,0,1,0,0,0,0,0,0,0,0,0,0,0,0,0,0,0,0,0,0,0,0,0,0,3,0,0,0,0,0,0,0,0,0,1,0,0,0,0,0,0,0,0,0,0,0,0,0,0,0,0,1,1,0,0,0,0,0,1,0,0,0,0,0,0,0,0
119,0,0,0,0,0,0,0,0,0,0,0,0,0,0,0,0,0,0,0,0,0,0,1,0,0,0,0,0,0,0,0,0,0,0,0,0,0,0,0,0,0,0,0,0,0,0,0,0,0,0,0,0,0,0,0,0,0,0,0,0,0,0,0,0,0,0,0,0,0,0,1,0,0,0,0,0,0,0,0,0,0,0,0,0,0,0,0,0,0,0,0,0,0,0,0,0,0,0,0,0,0,0,0,0,0,0,0,0,0,0,0,0,0,0,0,0,0,0,0,0,0,0,0,0,0,0,0,0,0,0,0,0,0,0,0,0,0,0
120,0,66,6,43,9,0,0,0,0,5,0,0,0,2,9,0,6,0,1,0,3,3,138,1,5,0,0,0,82,0,0,1,43,0,56,7,33,0,77,6,0,2,2,0,0,2,2,6,2,2,0,11,2,1,1,0,0,3,7,43,92,13,3,18,0,19,80,20,10,16,305,0,19,10,2,0,0,0,0,0,0,0,0,0,0,2,0,0,0,0,0,0,6,3,7,92,1,1,0,3,0,0,2,5,9,19,1,0,0,5,8,0,0,2,0,0,6,0,0,0,2,0,18,24,1,2,1,0,0,25,0,0,7,11,1,0,0,2
121,0,13,1,9,2,0,0,0,0,1,0,0,0,1,2,0,1,0,0,0,1,1,28,0,1,0,0,0,17,0,0,0,9,0,12,1,7,0,16,1,0,0,0,0,0,0,1,1,0,0,0,2,0,0,0,0,0,1,1,9,19,3,1,4,0,4,16,4,2,3,63,0,4,2,0,0,0,0,0,0,0,0,0,0,0,0,0,0,0,0,0,0,1,1,1,19,0,0,0,1,0,0,0,1,2,4,0,0,0,1,2,0,0,0,0,0,1,0,0,2,0,0,4,5,0,0,0,0,0,5,0,0,1,2,0,0,0,0
122,0,2,0,1,0,0,0,0,0,0,0,0,0,0,0,0,0,0,0,0,0,0,5,0,0,0,0,0,3,0,0,0,1,0,2,0,1,0,3,0,0,0,0,0,0,0,0,0,0,0,0,0,0,0,0,0,0,0,0,1,3,0,0,1,0,1,3,1,0,1,11,0,1,0,0,0,0,0,0,0,0,0,0,0,0,0,0,0,0,0,0,0,0,0,0,3,0,0,0,0,0,0,0,0,0,1,0,0,0,0,0,0,0,0,0,0,0,0,0,0,0,0,1,1,0,0,0,0,0,1,0,0,0,0,0,0,0,0
123,0,141,14,92,20,0,0,1,0,10,0,0,0,5,20,0,13,0,2,0,6,6,296,2,11,0,0,0,176,0,1,2,92,0,121,14,72,1,166,12,0,5,4,1,0,5,5,12,4,4,1,24,3,2,1,1,0,7,14,92,197,28,6,38,0,41,172,43,20,34,654,0,42,22,4,0,0,1,0,1,1,1,0,1,0,4,0,0,1,1,0,1,12,7,15,197,2,2,0,5,1,0,5,12,20,40,2,0,1,10,17,0,1,4,0,1,14,1,0,18,4,1,0,52,2,4,2,0,1,53,0,1,14,24,3,0,0,4
124,0,184,18,121,26,0,0,1,0,13,0,0,0,7,26,0,17,0,3,0,8,8,387,2,15,1,0,0,230,0,1,2,121,0,159,19,94,1,217,16,0,6,5,1,0,6,7,16,5,5,1,31,4,3,1,1,0,9,19,121,258,36,8,50,0,54,225,57,27,44,855,0,55,29,6,0,0,1,0,1,1,1,0,1,0,5,1,0,1,1,0,1,16,9,20,258,2,3,0,7,1,0,6,15,26,53,2,0,1,13,22,0,1,5,0,1,18,1,0,24,5,1,52,0,2,6,2,0,1,69,0,1,18,31,3,0,0,6
125,0,6,1,4,1,0,0,0,0,0,0,0,0,0,1,0,1,0,0,0,0,0,12,0,0,0,0,0,7,0,0,0,4,0,5,1,3,0,7,1,0,0,0,0,0,0,0,0,0,0,0,1,0,0,0,0,0,0,1,4,8,1,0,2,0,2,7,2,1,1,27,0,2,1,0,0,0,0,0,0,0,0,0,0,0,0,0,0,0,0,0,0,0,0,1,8,0,0,0,0,0,0,0,0,1,2,0,0,0,0,1,0,0,0,0,0,1,0,0,1,0,0,2,2,0,0,0,0,0,2,0,0,1,1,0,0,0,0
126,0,15,1,10,2,0,0,0,0,1,0,0,0,1,2,0,1,0,0,0,1,1,32,0,1,0,0,0,19,0,0,0,10,0,13,2,8,0,18,1,0,0,0,0,0,0,1,1,0,0,0,3,0,0,0,0,0,1,2,10,21,3,1,4,0,4,18,5,2,4,70,0,4,2,0,0,0,0,0,0,0,0,0,0,0,0,0,0,0,0,0,0,1,1,2,21,0,0,0,1,0,0,1,1,2,4,0,0,0,1,2,0,0,0,0,0,1,0,0,2,0,0,4,6,0,0,0,0,0,6,0,0,1,3,0,0,0,0
127,0,6,1,4,1,0,0,0,0,0,0,0,0,0,1,0,1,0,0,0,0,0,12,0,0,0,0,0,7,0,0,0,4,0,5,1,3,0,7,1,0,0,0,0,0,0,0,0,0,0,0,1,0,0,0,0,0,0,1,4,8,1,0,2,0,2,7,2,1,1,27,0,2,1,0,0,0,0,0,0,0,0,0,0,0,0,0,0,0,0,0,0,0,0,1,8,0,0,0,0,0,0,0,0,1,2,0,0,0,0,1,0,0,0,0,0,1,0,0,1,0,0,2,2,0,0,0,0,0,2,0,0,1,1,0,0,0,0
128,0,1,0,1,0,0,0,0,0,0,0,0,0,0,0,0,0,0,0,0,0,0,3,0,0,0,0,0,2,0,0,0,1,0,1,0,1,0,1,0,0,0,0,0,0,0,0,0,0,0,0,0,0,0,0,0,0,0,0,1,2,0,0,0,0,0,1,0,0,0,6,0,0,0,0,0,0,0,0,0,0,0,0,0,0,0,0,0,0,0,0,0,0,0,0,2,0,0,0,0,0,0,0,0,0,0,0,0,0,0,0,0,0,0,0,0,0,0,0,0,0,0,0,0,0,0,0,0,0,0,0,0,0,0,0,0,0,0
129,0,2,0,1,0,0,0,0,0,0,0,0,0,0,0,0,0,0,0,0,0,0,5,0,0,0,0,0,3,0,0,0,1,0,2,0,1,0,3,0,0,0,0,0,0,0,0,0,0,0,0,0,0,0,0,0,0,0,0,1,3,0,0,1,0,1,3,1,0,1,11,0,1,0,0,0,0,0,0,0,0,0,0,0,0,0,0,0,0,0,0,0,0,0,0,3,0,0,0,0,0,0,0,0,0,1,0,0,0,0,0,0,0,0,0,0,0,0,0,0,0,0,1,1,0,0,0,0,0,1,0,0,0,0,0,0,0,0
130,0,189,18,124,27,0,0,1,0,13,0,0,0,7,26,0,17,0,3,0,8,8,397,2,15,1,0,0,236,0,1,2,124,0,162,19,96,1,222,16,0,6,5,1,0,6,7,16,5,5,1,32,4,3,2,1,0,9,19,124,264,37,8,51,0,55,230,58,27,45,877,0,56,30,6,0,0,1,0,1,1,1,0,1,0,5,1,0,1,1,0,1,16,10,20,264,2,3,0,7,1,0,6,16,26,54,2,0,1,14,22,0,1,5,0,1,19,1,0,25,5,1,53,69,2,6,2,0,1,0,0,1,19,32,3,0,0,6
131,0,1,0,1,0,0,0,0,0,0,0,0,0,0,0,0,0,0,0,0,0,0,3,0,0,0,0,0,2,0,0,0,1,0,1,0,1,0,1,0,0,0,0,0,0,0,0,0,0,0,0,0,0,0,0,0,0,0,0,1,2,0,0,0,0,0,1,0,0,0,6,0,0,0,0,0,0,0,0,0,0,0,0,0,0,0,0,0,0,0,0,0,0,0,0,2,0,0,0,0,0,0,0,0,0,0,0,0,0,0,0,0,0,0,0,0,0,0,0,0,0,0,0,0,0,0,0,0,0,0,0,0,0,0,0,0,0,0
132,0,2,0,1,0,0,0,0,0,0,0,0,0,0,0,0,0,0,0,0,0,0,5,0,0,0,0,0,3,0,0,0,1,0,2,0,1,0,3,0,0,0,0,0,0,0,0,0,0,0,0,0,0,0,0,0,0,0,0,1,3,0,0,1,0,1,3,1,0,1,11,0,1,0,0,0,0,0,0,0,0,0,0,0,0,0,0,0,0,0,0,0,0,0,0,3,0,0,0,0,0,0,0,0,0,1,0,0,0,0,0,0,0,0,0,0,0,0,0,0,0,0,1,1,0,0,0,0,0,1,0,0,0,0,0,0,0,0
133,0,50,5,33,7,0,0,0,0,3,0,0,0,2,7,0,5,0,1,0,2,2,105,1,4,0,0,0,62,0,0,1,33,0,43,5,26,0,59,4,0,2,1,0,0,2,2,4,1,1,0,8,1,1,0,0,0,2,5,33,70,10,2,13,0,15,61,15,7,12,232,0,15,8,2,0,0,0,0,0,0,0,0,0,0,1,0,0,0,0,0,0,4,3,5,70,1,1,0,2,0,0,2,4,7,14,1,0,0,4,6,0,0,1,0,0,5,0,0,7,1,0,14,18,1,1,1,0,0,19,0,0,0,9,1,0,0,2
134,0,85,8,56,12,0,0,0,0,6,0,0,0,3,12,0,8,0,1,0,4,4,179,1,7,0,0,0,107,0,1,1,56,0,73,9,44,1,100,7,0,3,2,0,0,3,3,7,2,2,0,14,2,1,1,0,0,4,9,56,119,17,4,23,0,25,104,26,12,20,396,0,25,13,3,0,0,1,0,0,0,0,0,0,0,2,0,0,1,1,0,0,7,4,9,119,1,1,0,3,1,0,3,7,12,24,1,0,0,6,10,0,1,2,0,0,8,0,0,11,2,0,24,31,1,3,1,0,0,32,0,0,9,0,2,0,0,3
135,0,9,1,6,1,0,0,0,0,1,0,0,0,0,1,0,1,0,0,0,0,0,19,0,1,0,0,0,11,0,0,0,6,0,8,1,5,0,11,1,0,0,0,0,0,0,0,1,0,0,0,2,0,0,0,0,0,0,1,6,13,2,0,2,0,3,11,3,1,2,43,0,3,1,0,0,0,0,0,0,0,0,0,0,0,0,0,0,0,0,0,0,1,0,1,13,0,0,0,0,0,0,0,1,1,3,0,0,0,1,1,0,0,0,0,0,1,0,0,1,0,0,3,3,0,0,0,0,0,3,0,0,1,2,0,0,0,0
136,0,1,0,1,0,0,0,0,0,0,0,0,0,0,0,0,0,0,0,0,0,0,3,0,0,0,0,0,2,0,0,0,1,0,1,0,1,0,1,0,0,0,0,0,0,0,0,0,0,0,0,0,0,0,0,0,0,0,0,1,2,0,0,0,0,0,1,0,0,0,6,0,0,0,0,0,0,0,0,0,0,0,0,0,0,0,0,0,0,0,0,0,0,0,0,2,0,0,0,0,0,0,0,0,0,0,0,0,0,0,0,0,0,0,0,0,0,0,0,0,0,0,0,0,0,0,0,0,0,0,0,0,0,0,0,0,0,0
137,0,1,0,1,0,0,0,0,0,0,0,0,0,0,0,0,0,0,0,0,0,0,2,0,0,0,0,0,1,0,0,0,1,0,1,0,1,0,1,0,0,0,0,0,0,0,0,0,0,0,0,0,0,0,0,0,0,0,0,1,2,0,0,0,0,0,1,0,0,0,5,0,0,0,0,0,0,0,0,0,0,0,0,0,0,0,0,0,0,0,0,0,0,0,0,2,0,0,0,0,0,0,0,0,0,0,0,0,0,0,0,0,0,0,0,0,0,0,0,0,0,0,0,0,0,0,0,0,0,0,0,0,0,0,0,0,0,0
138,0,15,1,10,2,0,0,0,0,1,0,0,0,1,2,0,1,0,0,0,1,1,32,0,1,0,0,0,19,0,0,0,10,0,13,2,8,0,18,1,0,1,0,0,0,0,1,1,0,0,0,3,0,0,0,0,0,1,2,10,22,3,1,4,0,5,19,5,2,4,72,0,5,2,0,0,0,0,0,0,0,0,0,0,0,0,0,0,0,0,0,0,1,1,2,22,0,0,0,1,0,0,1,1,2,4,0,0,0,1,2,0,0,0,0,0,2,0,0,2,0,0,4,6,0,0,0,0,0,6,0,0,2,3,0,0,0,0
